SDP Name,Rev2024,Rev2025,Mo2024,Mo2025,Inv2024,Inv2025,Churned,RevGrowth,MoGrowth,InvGrowth,ChurnProb,RiskLevel
AL MUSTAFA ENTERPRISES,0.0,0.0,1.0,0.0,0.0,0.0,1,0.0,-1.0,0.0,0.99,🔴 High
WEME,0.0,0.0,1.0,0.0,0.0,0.0,1,0.0,-1.0,0.0,0.99,🔴 High
BARRETT HODGSON PAKISTAN (PVT) LTD,0.0,0.0,1.0,0.0,0.0,0.0,1,0.0,-1.0,0.0,0.99,🔴 High
HARLEY'S LIMITED BURUNDI,0.0,0.0,1.0,0.0,0.0,0.0,1,0.0,-1.0,0.0,0.99,🔴 High
HATAY PHARMACEUTICAL JOINT CO.,0.0,0.0,1.0,0.0,0.0,0.0,1,0.0,-1.0,0.0,0.99,🔴 High
FRIENDS ENT. - FAISALABAD,142663.0,0.0,3.0,0.0,4.0,0.0,1,-100.0,-3.0,-100.0,0.98,🔴 High
RATANAK PHARMA CO. LTD,0.0,0.0,2.0,0.0,0.0,0.0,1,0.0,-2.0,0.0,0.97,🔴 High
INACTIVE - NUSRAT PHARMA,23708909.0,0.0,4.0,0.0,608.0,0.0,1,-100.0,-4.0,-100.0,0.97,🔴 High
KHAN SEHAT LTD,0.0,0.0,2.0,0.0,0.0,0.0,1,0.0,-2.0,0.0,0.97,🔴 High
DUOC DAI NAM JOINT-STOCK CO,0.0,0.0,2.0,0.0,0.0,0.0,1,0.0,-2.0,0.0,0.97,🔴 High
AL-BARAKAH MEDICAL CENTER,3250.0,0.0,1.0,0.0,4.0,0.0,1,-100.0,-1.0,-100.0,0.96,🔴 High
KARACHI MEDICAL COMPANY,78100.0,0.0,4.0,0.0,7.0,0.0,1,-100.0,-4.0,-100.0,0.95,🔴 High
ALKHIDMAT HEALTH FOUNDATION,100512.0,0.0,3.0,0.0,1.0,0.0,1,-100.0,-3.0,-100.0,0.95,🔴 High
SCITECH HEALTH (PVT) LTD.(QnE),4590898.0,0.0,5.0,0.0,338.0,0.0,1,-100.0,-5.0,-100.0,0.93,🔴 High
ITTEFAQ MEDICAL STORE-QUETTA,0.0,0.0,2.0,0.0,1.0,0.0,1,0.0,-2.0,-100.0,0.92,🔴 High
CEO DISTRICT HEALTH AUTHORITY,126659.0,0.0,1.0,0.0,1.0,0.0,1,-100.0,-1.0,-100.0,0.91,🔴 High
SULTAN SUPPLIES SERVICES,60327043.0,0.0,8.0,0.0,1303.0,0.0,1,-100.0,-8.0,-100.0,0.91,🔴 High
INACTIVE - TAURAS MEDICAL COMPANY,2201070.0,0.0,4.0,0.0,189.0,0.0,1,-100.0,-4.0,-100.0,0.9,🔴 High
SAP HEALTH LIMITED COMPANY,3298.0,0.0,1.0,0.0,2.0,0.0,1,-100.0,-1.0,-100.0,0.9,🔴 High
Q-PHARMA,3180.0,0.0,7.0,0.0,3.0,0.0,1,-100.0,-7.0,-100.0,0.9,🔴 High
MARTIN DOW MARKER LTD.,0.0,0.0,3.0,0.0,0.0,0.0,1,0.0,-3.0,0.0,0.89,🔴 High
NABI QASIM INDUSTRIES (PVT) LTD,0.0,0.0,3.0,0.0,0.0,0.0,1,0.0,-3.0,0.0,0.89,🔴 High
SAHEL PROMO SARL,4871.0,0.0,1.0,0.0,1.0,0.0,1,-100.0,-1.0,-100.0,0.86,🔴 High
THREE M ENTERPRISES LAHORE,0.0,0.0,3.0,0.0,6.0,0.0,1,0.0,-3.0,-100.0,0.86,🔴 High
TABBA HEART INST. C/O M.ABDULLAH EN,299098.0,0.0,7.0,0.0,24.0,0.0,1,-100.0,-7.0,-100.0,0.85,🔴 High
PRIX PHARMA SH.P.K,19935.0,0.0,1.0,0.0,1.0,0.0,1,-100.0,-1.0,-100.0,0.83,🔴 High
N.G.GROUP,0.0,0.0,2.0,1.0,0.0,0.0,0,0.0,-1.0,0.0,0.32,🟡 Medium
ENERGIA PHARMA LTD. KENYA,0.0,0.0,4.0,1.0,0.0,0.0,0,0.0,-3.0,0.0,0.26,🟢 Low
AL-HAMD DISTRIBUTORS,0.0,0.0,12.0,8.0,1.0,0.0,0,0.0,-4.0,-100.0,0.17,🟢 Low
HEALTH RESOURCES DISTRIBUTORS - RWP,0.0,0.0,3.0,2.0,0.0,0.0,0,0.0,-1.0,0.0,0.15,🟢 Low
AMETHYST GLOBAL (THAILAND) CO.LTD,63612.0,11936.0,4.0,2.0,5.0,1.0,0,-81.23624473369804,-2.0,-80.0,0.13,🟢 Low
ASSENE-LABOREX LTD,386.0,0.0,6.0,4.0,5.0,4.0,0,-100.0,-2.0,-20.0,0.12,🟢 Low
"NACOPHARM MB CO., LTD",264.0,0.0,1.0,1.0,1.0,0.0,0,-100.0,0.0,-100.0,0.11,🟢 Low
MEDSWANA (PTY) LTD,1696.0,0.0,2.0,2.0,1.0,0.0,0,-100.0,0.0,-100.0,0.1,🟢 Low
Globe Pharmacy Ltd.,0.0,0.0,2.0,1.0,1.0,3.0,0,0.0,-1.0,200.0,0.1,🟢 Low
PRIME PHARMA COMPANY,12374.0,904.0,7.0,2.0,7.0,1.0,0,-92.69435914013253,-5.0,-85.71428571428571,0.07,🟢 Low
PAKISTAN VACCINE HOUSE,104476.0,0.0,12.0,12.0,3.0,0.0,0,-100.0,0.0,-100.0,0.07,🟢 Low
S.K. DISTRIBUTOR - ISLAMABAD,44419.0,0.0,4.0,7.0,2.0,0.0,0,-100.0,3.0,-100.0,0.06,🟢 Low
SCILIFE PHARMA (PVT.) LTD,0.0,0.0,5.0,4.0,0.0,0.0,0,0.0,-1.0,0.0,0.06,🟢 Low
FINE TRADERS - LAHORE,295580.0,0.0,11.0,12.0,7.0,0.0,0,-100.0,1.0,-100.0,0.06,🟢 Low
ORAH LIFE (PVT) LTD.,3576095.0,286057.0,7.0,1.0,504.0,72.0,0,-92.00085568196594,-6.0,-85.71428571428571,0.05,🟢 Low
A.K. ENTERPRISES - KARACHI,104476.0,0.0,10.0,12.0,6.0,0.0,0,-100.0,2.0,-100.0,0.05,🟢 Low
BAHRIA PHARMACY,454138.0,122320.0,3.0,2.0,7.0,2.0,0,-73.06545587464603,-1.0,-71.42857142857143,0.05,🟢 Low
PULSE CARE TRADERS,99992376.0,49168945.0,12.0,5.0,2903.0,1250.0,0,-50.82730607381507,-7.0,-56.94109541853255,0.04,🟢 Low
NAJAM BROTHERS - QUETTA,12084.0,0.0,4.0,9.0,1.0,0.0,0,-100.0,5.0,-100.0,0.04,🟢 Low
RAWALPINDI INSTITUTE OF CARDIOLOGY,0.0,1025678.0,3.0,2.0,0.0,4.0,0,102567800.0,-1.0,400.0,0.04,🟢 Low
KHURRAM TRADERS - SIALKOT,20835.0,0.0,3.0,11.0,1.0,0.0,0,-100.0,8.0,-100.0,0.04,🟢 Low
Peshawar Institute of Cardiology,737265.0,385160.0,10.0,2.0,17.0,7.0,0,-47.75826873647874,-8.0,-58.82352941176471,0.04,🟢 Low
LIFE SUPPORT PVT LTD,11835.0,1282.0,3.0,2.0,11.0,7.0,0,-89.16772285593578,-1.0,-36.36363636363637,0.03,🟢 Low
AL RABIE SCIENTIFIC BUREAU,2110.0,1246.0,5.0,2.0,2.0,2.0,0,-40.9478672985782,-3.0,0.0,0.03,🟢 Low
NEW TAMEER ENTERPRISES,2185019.0,1839473.0,11.0,4.0,176.0,38.0,0,-15.814324726695741,-7.0,-78.4090909090909,0.03,🟢 Low
RIZWAN MEDICINE COMPANY,707527.0,0.0,12.0,12.0,76.0,70.0,0,-100.0,0.0,-7.894736842105263,0.03,🟢 Low
LIFE PHARMA - QATAR,3528.0,4365.0,6.0,2.0,7.0,4.0,0,23.72448979591837,-4.0,-42.857142857142854,0.02,🟢 Low
CROWN PHARMACEUTICALS (PVT) LTD,0.0,0.0,12.0,9.0,13.0,10.0,0,0.0,-3.0,-23.076923076923077,0.02,🟢 Low
Helix Pharma (Pvt.) Ltd.,0.0,0.0,2.0,5.0,0.0,0.0,0,0.0,3.0,0.0,0.01,🟢 Low
ENERGIA PHARMA SERVICES NV,32143.0,10852.0,6.0,3.0,6.0,11.0,0,-66.238372273901,-3.0,83.33333333333334,0.01,🟢 Low
TFMF PHARMA DISTRIBUTOR,5173152.0,430884.0,8.0,3.0,227.0,57.0,0,-91.6707647484551,-5.0,-74.8898678414097,0.01,🟢 Low
MS Teaching Hosp. DG Khan,0.0,0.0,2.0,2.0,0.0,0.0,0,0.0,0.0,0.0,0.01,🟢 Low
PHARMATEC PAKISTAN (PVT) LTD.,0.0,0.0,1.0,1.0,0.0,0.0,0,0.0,0.0,0.0,0.01,🟢 Low
EASA BUSINESS GROUP,0.0,0.0,10.0,4.0,6.0,3.0,0,0.0,-6.0,-50.0,0.01,🟢 Low
P.E.S.S.I LAHORE,1587624.0,468001.0,5.0,3.0,13.0,10.0,0,-70.52192458667795,-2.0,-23.076923076923077,0.01,🟢 Low
CIC HOLDINGS PLC,76971.0,85382.0,12.0,11.0,52.0,70.0,0,10.92749217237661,-1.0,34.61538461538461,0.01,🟢 Low
MEDDEC LLC,2352.0,705.0,1.0,2.0,2.0,5.0,0,-70.02551020408163,1.0,150.0,0.01,🟢 Low
FEROZSONS LABORTORIES LTD,0.0,0.0,1.0,1.0,0.0,0.0,0,0.0,0.0,0.0,0.01,🟢 Low
AL-KHAIR PHARMA - LAHORE,0.0,0.0,3.0,4.0,2.0,3.0,0,0.0,1.0,50.0,0.01,🟢 Low
CANCER CARE PHARMACY,0.0,0.0,12.0,10.0,9.0,9.0,0,0.0,-2.0,0.0,0.01,🟢 Low
ASIAN CONTINENTAL (PVT) LIMITED,0.0,0.0,12.0,12.0,0.0,0.0,0,0.0,0.0,0.0,0.0,
ALLONS ENTERPRISES,0.0,315684.0,0.0,7.0,0.0,43.0,0,31568400.0,7.0,4300.0,0.0,
CEO DHA LAYYAH,0.0,0.0,0.0,1.0,0.0,0.0,0,0.0,1.0,0.0,0.0,
CEO DHA LAHORE,0.0,0.0,0.0,1.0,0.0,0.0,0,0.0,1.0,0.0,0.0,
CEO DHA KHUSHAB,0.0,0.0,0.0,2.0,0.0,0.0,0,0.0,2.0,0.0,0.0,
CEO DHA KHANEWAL,0.0,0.0,0.0,1.0,0.0,0.0,0,0.0,1.0,0.0,0.0,
CEO DHA KASUR,0.0,0.0,0.0,1.0,0.0,0.0,0,0.0,1.0,0.0,0.0,
CEO DHA JHELUM,0.0,0.0,0.0,1.0,0.0,0.0,0,0.0,1.0,0.0,0.0,
CEO DHA JHANG,0.0,4118.0,0.0,1.0,0.0,1.0,0,411800.0,1.0,100.0,0.0,
CEO DHA HAFIZABAD,0.0,0.0,0.0,1.0,0.0,0.0,0,0.0,1.0,0.0,0.0,
CEO DHA GUJRANWALA,0.0,0.0,0.0,1.0,0.0,0.0,0,0.0,1.0,0.0,0.0,
CEO DHA FAISALABAD,0.0,0.0,0.0,1.0,0.0,0.0,0,0.0,1.0,0.0,0.0,
CEO DHA D.G.KHAN,0.0,43810.0,0.0,2.0,0.0,1.0,0,4381000.0,2.0,100.0,0.0,
CEO DHA CHINIOT,0.0,0.0,0.0,1.0,0.0,0.0,0,0.0,1.0,0.0,0.0,
CEO DHA CHAKWAL,0.0,0.0,0.0,2.0,0.0,0.0,0,0.0,2.0,0.0,0.0,
CEO DHA BHAKKAR,0.0,0.0,0.0,2.0,0.0,0.0,0,0.0,2.0,0.0,0.0,
CEO DHA BAHAWALPUR,0.0,0.0,0.0,1.0,0.0,0.0,0,0.0,1.0,0.0,0.0,
CEO DHA BAHAWALNAGAR,0.0,0.0,0.0,1.0,0.0,0.0,0,0.0,1.0,0.0,0.0,
CEO DHA TOBA TEK SINGH,0.0,0.0,0.0,2.0,0.0,0.0,0,0.0,2.0,0.0,0.0,
CEO DHA SIALKOT,0.0,0.0,0.0,1.0,0.0,0.0,0,0.0,1.0,0.0,0.0,
CEO DHA SHEIKHUPURA,0.0,14633.0,0.0,2.0,0.0,1.0,0,1463300.0,2.0,100.0,0.0,
CEO DHA SARGODHA,0.0,0.0,0.0,1.0,0.0,0.0,0,0.0,1.0,0.0,0.0,
CEO DHA SAHIWAL,0.0,0.0,0.0,1.0,0.0,0.0,0,0.0,1.0,0.0,0.0,
CEO DHA RAWALPINDI,0.0,0.0,0.0,2.0,0.0,0.0,0,0.0,2.0,0.0,0.0,
CEO DHA RAJANPUR,0.0,0.0,0.0,1.0,0.0,0.0,0,0.0,1.0,0.0,0.0,
CEO DHA PAKPATTAN,0.0,0.0,0.0,1.0,0.0,0.0,0,0.0,1.0,0.0,0.0,
CEO DHA OKARA,0.0,67029.0,0.0,1.0,0.0,1.0,0,6702900.0,1.0,100.0,0.0,
CEO DHA NAROWAL,0.0,38011.0,0.0,1.0,0.0,2.0,0,3801100.0,1.0,200.0,0.0,
CEO DHA NANKANA SAHIB,0.0,0.0,0.0,1.0,0.0,0.0,0,0.0,1.0,0.0,0.0,
CEO DHA MUZAFFAR GARH,0.0,0.0,0.0,1.0,0.0,0.0,0,0.0,1.0,0.0,0.0,
CEO DHA MULTAN,0.0,0.0,0.0,1.0,0.0,0.0,0,0.0,1.0,0.0,0.0,
CEO DHA MIANWALI,0.0,0.0,0.0,1.0,0.0,0.0,0,0.0,1.0,0.0,0.0,
CEO DHA MANDI BAHAUDDIN,0.0,0.0,0.0,1.0,0.0,0.0,0,0.0,1.0,0.0,0.0,
CEO DHA LODHRAN,0.0,43810.0,0.0,2.0,0.0,1.0,0,4381000.0,2.0,100.0,0.0,
DYNAMIC PHARMA - MULTAN,0.0,0.0,12.0,12.0,23.0,37.0,0,0.0,0.0,60.86956521739131,0.0,
DYNAMIC PHARMA - LAHORE,0.0,0.0,12.0,11.0,27.0,18.0,0,0.0,-1.0,-33.33333333333333,0.0,
DYNAM PHARMA,0.0,213704.0,0.0,2.0,0.0,10.0,0,21370400.0,2.0,1000.0,0.0,
DNS ENTERPRISES,0.0,540869.0,0.0,4.0,0.0,14.0,0,54086900.0,4.0,1400.0,0.0,
DHQ HOSPITAL (ALLIED-II HOSPITAL),0.0,0.0,0.0,1.0,0.0,0.0,0,0.0,1.0,0.0,0.0,
"Children Hospital, Faisalabad",0.0,198047.0,0.0,2.0,0.0,2.0,0,19804700.0,2.0,200.0,0.0,
CRYSTAL AGENCIES,27926870.0,28505912.0,12.0,12.0,1001.0,1083.0,0,2.0734224780650323,0.0,8.191808191808192,0.0,
CRITICARE PHARMACEUTICALS (PVT) LTD,0.0,0.0,0.0,6.0,0.0,0.0,0,0.0,6.0,0.0,0.0,
CRITICARE PHARMACEUTICALS,874452.0,239040.0,10.0,4.0,7.0,1.0,0,-72.66402272508954,-6.0,-85.71428571428571,0.0,
CHIEF DISTRIBUTOR'S - ISLAMABAD,0.0,0.0,3.0,10.0,6.0,14.0,0,0.0,7.0,133.33333333333331,0.0,
CHAUDHARY MEDICINE CENTER-TT SINGH,0.0,0.0,0.0,1.0,0.0,0.0,0,0.0,1.0,0.0,0.0,
GOVT GEN HOSP (FSD TEACHING HOSP),0.0,0.0,0.0,1.0,0.0,0.0,0,0.0,1.0,0.0,0.0,
FRIENDS ENTERPRISES - AJK,10953807.0,7824262.0,11.0,10.0,193.0,160.0,0,-28.570386533193435,-1.0,-17.098445595854923,0.0,
FAUJI FOUNDATION HOSP. RAWALPINDI,0.0,1589012.0,0.0,1.0,0.0,15.0,0,158901200.0,1.0,1500.0,0.0,
FAUJI FOUNDATION HOSP. PESHAWAR,0.0,249426.0,0.0,1.0,0.0,7.0,0,24942600.0,1.0,700.0,0.0,
FAUJI FOUNDATION HOSP. LAHORE,0.0,475479.0,0.0,1.0,0.0,5.0,0,47547900.0,1.0,500.0,0.0,
FATMIYAH HOSP. C/O REMEDIAL ENTERPR,691211.0,790824.0,11.0,11.0,30.0,33.0,0,14.41137366158814,0.0,10.0,0.0,
FAMOUS DISTRIBUTORS - FAISALABAD,0.0,0.0,10.0,11.0,0.0,0.0,0,0.0,1.0,0.0,0.0,
FAISALABAD INST.OF CARDIOLOGY,0.0,0.0,0.0,2.0,0.0,0.0,0,0.0,2.0,0.0,0.0,
FAISAL PHARMA,921379.0,228526.0,11.0,5.0,49.0,11.0,0,-75.1973943404397,-6.0,-77.55102040816327,0.0,
EXECUTIVE DIRECTOR P.I.M.H. LAHORE,0.0,0.0,0.0,1.0,0.0,0.0,0,0.0,1.0,0.0,0.0,
IBS PHARMA DISTRIBUTORS-RAWALPINDI,0.0,0.0,0.0,1.0,0.0,3.0,0,0.0,1.0,300.0,0.0,
IBRAHIM & SONS - CHEMIST & DRUGGIST,0.0,0.0,0.0,5.0,0.0,6.0,0,0.0,5.0,600.0,0.0,
HOPE & HEALTH MEDICAL STORE,0.0,0.0,10.0,10.0,1.0,7.0,0,0.0,0.0,600.0,0.0,
HILTON PHARMA,0.0,0.0,0.0,1.0,0.0,0.0,0,0.0,1.0,0.0,0.0,
HEALTHLINK ENTERPRISES,6474804.0,15680282.0,8.0,12.0,837.0,1561.0,0,142.17384804235002,4.0,86.49940262843488,0.0,
HEALTH CARE ENTERPRISES,6809405.0,5214235.0,12.0,12.0,137.0,84.0,0,-23.42598215262567,0.0,-38.68613138686132,0.0,
HAZZ INTERNATIONAL - KARACHI,921313.0,472884.0,12.0,12.0,24.0,18.0,0,-48.67281803252532,0.0,-25.0,0.0,
HASSAAN DISTRIBUTION,0.0,115092.0,0.0,1.0,0.0,2.0,0,11509200.0,1.0,200.0,0.0,
HAROON ENTERPRISES - PESHAWAR,12619145.0,17042838.0,12.0,12.0,945.0,813.0,0,35.055409855422056,0.0,-13.968253968253968,0.0,
HARLEY'S LIMITED,8855.0,2955.0,3.0,3.0,4.0,1.0,0,-66.62902315076228,0.0,-75.0,0.0,
HAQ ENTERPRISES,0.0,0.0,3.0,4.0,0.0,1.0,0,0.0,1.0,100.0,0.0,
HAFIZ MEDICINE COMPANY - SARGODHA,0.0,0.0,7.0,11.0,0.0,0.0,0,0.0,4.0,0.0,0.0,
KHAN SEHAT LTD - AFG,1986112.0,824879.0,9.0,6.0,77.0,23.0,0,-58.467649357135954,-3.0,-70.12987012987013,0.0,
KER SOCIEDAD ANONIMA-HONDURAS,0.0,3916.0,0.0,1.0,0.0,2.0,0,391600.0,1.0,200.0,0.0,
KER SOCIEDAD ANONIMA,44371.0,8140.0,8.0,11.0,22.0,7.0,0,-81.65468436591468,3.0,-68.18181818181817,0.0,
JUNAID MEDICOSE DISTRIBUTORS,0.0,0.0,12.0,12.0,60.0,50.0,0,0.0,0.0,-16.666666666666664,0.0,
JINDANI TRADERS,3706118.0,3149832.0,11.0,11.0,270.0,301.0,0,-15.009937622061683,0.0,11.481481481481481,0.0,
JAMIL TRADERS,4549990.0,6228103.0,11.0,12.0,183.0,219.0,0,36.88168545425374,1.0,19.672131147540984,0.0,
JADE E SERVICES PAKISTAN (PVT) LTD,214799.0,581841.0,9.0,10.0,178.0,273.0,0,170.8769593899413,1.0,53.37078651685393,0.0,
ITMG SEA CO. LTD,2010.0,7519.0,4.0,3.0,3.0,7.0,0,274.07960199004975,-1.0,133.33333333333331,0.0,
INDUS PHARMA (PVT) LTD,0.0,0.0,0.0,1.0,0.0,0.0,0,0.0,1.0,0.0,0.0,
IDL PHARMA DISTRIBUTOR LAHORE,0.0,0.0,10.0,12.0,43.0,65.0,0,0.0,2.0,51.162790697674424,0.0,
MEDICATE  INTERNATIONAL,10591749.0,10719983.0,12.0,12.0,156.0,172.0,0,1.2106971190499323,0.0,10.256410256410255,0.0,
MEDI AIM PHARMA,14600047.0,12332158.0,12.0,12.0,381.0,421.0,0,-15.533436296472198,0.0,10.498687664041995,0.0,
MED N TECH PHARMA,922685.0,1743795.0,10.0,10.0,10.0,21.0,0,88.9913675848204,0.0,110.00000000000001,0.0,
MAX ENTERPRISES,8760151.0,7918019.0,12.0,12.0,133.0,155.0,0,-9.613213288218434,0.0,16.541353383458645,0.0,
MARTIN DOW LIMITED,0.0,19940.0,2.0,7.0,0.0,1.0,0,1994000.0,5.0,100.0,0.0,
MACTER INTERNATIONAL LTD.,0.0,0.0,0.0,1.0,0.0,0.0,0,0.0,1.0,0.0,0.0,
M. ABDULLAH ENTERPRISES,69872919.0,72236352.0,12.0,12.0,3812.0,4022.0,0,3.382473544578837,0.0,5.508919202518363,0.0,
LIFE LINE DISTRIBUTORS,52535925.0,59891368.0,12.0,12.0,1754.0,2071.0,0,14.000787080459704,0.0,18.07297605473204,0.0,
LIFE CARE - RAWALPINDI,0.0,0.0,9.0,12.0,0.0,0.0,0,0.0,3.0,0.0,0.0,
"LIAQUAT NATIONAL HOSPITAL, KARACHI",0.0,0.0,6.0,12.0,0.0,0.0,0,0.0,6.0,0.0,0.0,
LABOREX KENYA LIMITED,0.0,154.0,0.0,3.0,0.0,10.0,0,15400.0,3.0,1000.0,0.0,
NUSRAT PHARMA - KOTLI,77098890.0,124074540.0,9.0,12.0,1770.0,2698.0,0,60.9290873059262,3.0,52.429378531073446,0.0,
NOVIPHARM ENTERPRISES,0.0,0.0,12.0,12.0,14.0,94.0,0,0.0,0.0,571.4285714285714,0.0,
NOOR MEDICINE COMPANY,33018563.0,42249038.0,12.0,12.0,1272.0,1371.0,0,27.955411021370008,0.0,7.783018867924528,0.0,
NOOR ENTERPRISES LAHORE,0.0,0.0,3.0,11.0,3.0,11.0,0,0.0,8.0,266.66666666666663,0.0,
SPECTRUM MEDICAL SUPPLIES,47082113.0,57527381.0,12.0,12.0,2135.0,2406.0,0,22.18521500936035,0.0,12.69320843091335,0.0,
NEW MAJEED MEDICINE CO.,100595.0,234747.0,1.0,7.0,3.0,12.0,0,133.3585168248919,6.0,300.0,0.0,
SOMH FF KARACHI,0.0,577500.0,0.0,1.0,0.0,9.0,0,57750000.0,1.0,900.0,0.0,
S.K. DISTRIBUTOR-ISLAMABAD INST DIS,1115856.0,12185674.0,1.0,10.0,25.0,438.0,0,992.0471817152034,9.0,1652.0,0.0,
SN INTERNATIONAL,5620.0,22878.0,1.0,4.0,3.0,35.0,0,307.0818505338078,3.0,1066.6666666666665,0.0,
N.S. TRADERS,0.0,0.0,10.0,11.0,0.0,0.0,0,0.0,1.0,0.0,0.0,
AGA KHAN HEALTH SERVICES PAKISTAN,0.0,0.0,0.0,1.0,0.0,0.0,0,0.0,1.0,0.0,0.0,
Services Gen. Hosp. Lahore,0.0,0.0,0.0,1.0,0.0,0.0,0,0.0,1.0,0.0,0.0,
MS PUNJAB INST. OF NEUROSCIENCES-LH,0.0,0.0,0.0,1.0,0.0,0.0,0,0.0,1.0,0.0,0.0,
MS CPEIC MULTAN,0.0,12352.0,2.0,2.0,0.0,2.0,0,1235200.0,0.0,200.0,0.0,
"MOIC - CPMC, MEDICAL STORE",4119863.0,3385479.0,5.0,8.0,133.0,87.0,0,-17.825447108314037,3.0,-34.58646616541353,0.0,
MH INTERNATIONAL GROUP LLC,27446.0,20905.0,3.0,4.0,3.0,10.0,0,-23.83225242293959,1.0,233.33333333333334,0.0,
PREMIER SALES PVT LTD-ATTOCK,69013080.0,93361544.0,12.0,12.0,1923.0,2143.0,0,35.280940946266995,0.0,11.440457618304732,0.0,
PREMIER SALES PVT LTD-ABBOTTABAD,102567224.0,130072481.0,12.0,12.0,2092.0,2370.0,0,26.81680943222174,0.0,13.288718929254303,0.0,
PREMIER AGENCIES - KORANGI,0.0,4568559.0,0.0,5.0,0.0,349.0,0,456855900.0,5.0,34900.0,0.0,
PHARMEVO (PVT) LTD,0.0,0.0,0.0,1.0,0.0,0.0,0,0.0,1.0,0.0,0.0,
A Q TRADERS - RAWALPINDI,0.0,0.0,0.0,2.0,0.0,0.0,0,0.0,2.0,0.0,0.0,
PHARMA SOLUTION,0.0,5752335.0,0.0,12.0,0.0,479.0,0,575233500.0,12.0,47900.0,0.0,
PHARMA CURE INTERNATIONAL,0.0,363674.0,0.0,3.0,0.0,47.0,0,36367400.0,3.0,4700.0,0.0,
PATIENT'S CARE,0.0,0.0,10.0,11.0,9.0,7.0,0,0.0,1.0,-22.22222222222222,0.0,
ZAIDI TRADERS,0.0,0.0,0.0,11.0,0.0,19.0,0,0.0,11.0,1900.0,0.0,
PAKISTAN MEDICAL SUPPLY CORP,0.0,0.0,4.0,12.0,7.0,14.0,0,0.0,8.0,100.0,0.0,
YASMINA PHARMA SARL,0.0,5000.0,0.0,1.0,0.0,3.0,0,500000.0,1.0,300.0,0.0,
OTSUKA PAKISTAN LTD,0.0,0.0,0.0,2.0,0.0,0.0,0,0.0,2.0,0.0,0.0,
Wazirabad institute of Cardiology,0.0,0.0,0.0,1.0,0.0,0.0,0,0.0,1.0,0.0,0.0,
ONE TIME BUYER,9043023.0,11181483.0,12.0,12.0,9988.0,11690.0,0,23.647623145490176,0.0,17.040448538245894,0.0,
ONCOLINK PHARMA DISTRIBUTORS,0.0,0.0,2.0,10.0,3.0,14.0,0,0.0,8.0,366.66666666666663,0.0,
ONCOCARE PHARMACY,15321577.0,16680455.0,12.0,12.0,415.0,342.0,0,8.869047879340359,0.0,-17.59036144578313,0.0,
PREMIER SALES PVT LTD-GUJRANWALA,128284159.0,152137743.0,12.0,12.0,2225.0,2334.0,0,18.5943332255076,0.0,4.898876404494382,0.0,
PREMIER SALES PVT LTD-GUJJAR KHAN,52415121.0,66131459.0,12.0,12.0,1576.0,1671.0,0,26.16866609923499,0.0,6.027918781725888,0.0,
PREMIER SALES PVT LTD-GILGIT,33712909.0,44090743.0,12.0,12.0,992.0,1103.0,0,30.78296803162254,0.0,11.189516129032258,0.0,
PREMIER SALES PVT LTD-GHOTKI,57100648.0,88111095.0,12.0,12.0,1462.0,1759.0,0,54.30839769103846,0.0,20.314637482900135,0.0,
PREMIER SALES PVT LTD-FB AREA,216557003.0,280784800.0,12.0,12.0,2749.0,3129.0,0,29.658610024262295,0.0,13.823208439432522,0.0,
PREMIER SALES PVT LTD-FATEH GARH-LH,128815811.0,171897039.0,12.0,12.0,2201.0,2491.0,0,33.44405291987022,0.0,13.175829168559746,0.0,
PREMIER SALES PVT LTD-FAISALABAD,200866756.0,240579386.0,12.0,12.0,2544.0,2745.0,0,19.77063342427853,0.0,7.900943396226415,0.0,
PREMIER SALES PVT LTD-DADU,57348360.0,84048297.0,12.0,12.0,1457.0,1673.0,0,46.5574551739579,0.0,14.824982841455045,0.0,
PREMIER SALES PVT LTD-D.I.KHAN,94709763.0,118268453.0,12.0,12.0,1888.0,2060.0,0,24.874616147017495,0.0,9.110169491525424,0.0,
PREMIER SALES PVT LTD-D.G.KHAN,119935542.0,148922272.0,12.0,12.0,2236.0,2422.0,0,24.168590491715957,0.0,8.318425760286226,0.0,
PREMIER SALES PVT LTD-CHAKWAL,66486649.0,87851628.0,12.0,12.0,1793.0,1960.0,0,32.13423946212119,0.0,9.313998884551031,0.0,
PREMIER SALES PVT LTD-BUREWALA,0.0,65939761.0,0.0,7.0,0.0,1265.0,0,6593976100.0,7.0,126500.0,0.0,
PREMIER SALES PVT LTD-BANNU,141654892.0,197489183.0,12.0,12.0,2273.0,2579.0,0,39.415716754773285,0.0,13.462384513858336,0.0,
PREMIER SALES PVT LTD-BAHAWALPUR,99730240.0,142478435.0,12.0,12.0,2086.0,2271.0,0,42.86382445284399,0.0,8.868648130393098,0.0,
PREMIER SALES PVT LTD-BAHAWALNAGAR,66733497.0,87407765.0,12.0,12.0,1751.0,1877.0,0,30.9803455976539,0.0,7.19588806396345,0.0,
PREMIER SALES PVT LTD-BADIN,22333773.0,33363583.0,12.0,12.0,885.0,1051.0,0,49.38623670975791,0.0,18.757062146892657,0.0,
PREMIER SALES PVT LTD-LAHORE,285174430.0,348541283.0,12.0,12.0,2838.0,3123.0,0,22.220383854190572,0.0,10.042283298097251,0.0,
PREMIER SALES PVT LTD-KORANGI,237100830.0,293688449.0,12.0,12.0,2650.0,3199.0,0,23.866478662263646,0.0,20.71698113207547,0.0,
PREMIER SALES PVT LTD-KOHAT,130106989.0,178022345.0,12.0,12.0,2331.0,2617.0,0,36.82765727519834,0.0,12.26941226941227,0.0,
PREMIER SALES PVT LTD-KHARIAN,0.0,59592118.0,0.0,11.0,0.0,1443.0,0,5959211800.0,11.0,144300.0,0.0,
PREMIER SALES PVT LTD-KHANEWAL,67784896.0,95110225.0,12.0,12.0,1912.0,2075.0,0,40.31182551345952,0.0,8.52510460251046,0.0,
PREMIER SALES PVT LTD-KASUR,60825658.0,85754695.0,12.0,12.0,1590.0,1826.0,0,40.984409901492555,0.0,14.842767295597485,0.0,
PREMIER SALES PVT LTD-JHELUM,109951128.0,146114532.0,12.0,12.0,2184.0,2381.0,0,32.890434739332555,0.0,9.02014652014652,0.0,
PREMIER SALES PVT LTD-JHANG,131607034.0,173465616.0,12.0,12.0,2316.0,2556.0,0,31.805733119097567,0.0,10.362694300518134,0.0,
PREMIER SALES PVT LTD-JACOBABAD,65325914.0,96547531.0,12.0,12.0,1618.0,1899.0,0,47.793616787359454,0.0,17.367119901112485,0.0,
PREMIER SALES PVT LTD-ISLAMABAD,183682110.0,232006953.0,12.0,12.0,2586.0,2884.0,0,26.308954639077264,0.0,11.523588553750967,0.0,
PREMIER SALES PVT LTD-HYDERABAD,151022510.0,192298969.0,12.0,12.0,2462.0,2719.0,0,27.331328952220435,0.0,10.438667749796913,0.0,
PREMIER SALES PVT LTD-HASSAN ABDAL,91473956.0,129696814.0,12.0,12.0,2050.0,2281.0,0,41.785508872055345,0.0,11.26829268292683,0.0,
PREMIER SALES PVT LTD-HARIPUR,74251971.0,95391249.0,12.0,12.0,1832.0,2063.0,0,28.469652340945938,0.0,12.609170305676857,0.0,
PREMIER SALES PVT LTD-HAFIZABAD,35397365.0,49641041.0,12.0,12.0,1147.0,1311.0,0,40.239368099857145,0.0,14.298169136878814,0.0,
PREMIER SALES PVT LTD-GWADAR,9095200.0,12770264.0,11.0,12.0,384.0,343.0,0,40.40663206966312,1.0,-10.677083333333332,0.0,
PREMIER SALES PVT LTD-GUJRAT,97780209.0,96427448.0,12.0,12.0,2110.0,1987.0,0,-1.383471168485639,0.0,-5.829383886255924,0.0,
PREMIER SALES PVT LTD-R.Y.KHAN,110007513.0,157203974.0,12.0,12.0,2164.0,2502.0,0,42.90294336533179,0.0,15.619223659889094,0.0,
PREMIER SALES PVT LTD-QUETTA,175293561.0,220209481.0,12.0,12.0,2500.0,2655.0,0,25.623257205665418,0.0,6.2,0.0,
PREMIER SALES PVT LTD-PESHAWAR,276616424.0,330668966.0,12.0,12.0,2883.0,2928.0,0,19.540611948623845,0.0,1.5608740894901143,0.0,
PREMIER SALES PVT LTD-NOWSHERA,0.0,81836127.0,0.0,8.0,0.0,1735.0,0,8183612700.0,8.0,173500.0,0.0,
PREMIER SALES PVT LTD-NAWABSHAH,97359853.0,122133696.0,12.0,12.0,1983.0,2175.0,0,25.44564544484265,0.0,9.68229954614221,0.0,
PREMIER SALES PVT LTD-NAUSHERO FERO,37646134.0,52104910.0,12.0,12.0,1050.0,1272.0,0,38.40706724361125,0.0,21.142857142857142,0.0,
WESTGATE PHARMACEUTICALS,0.0,0.0,0.0,1.0,0.0,2.0,0,0.0,1.0,200.0,0.0,
PREMIER SALES PVT LTD-MUZAFFARABAD,94660239.0,107131013.0,12.0,12.0,1886.0,1834.0,0,13.174247320461552,0.0,-2.757158006362672,0.0,
PREMIER SALES PVT LTD-MULTAN,184168175.0,230976788.0,12.0,12.0,2691.0,2832.0,0,25.416233287863115,0.0,5.2396878483835,0.0,
PREMIER SALES PVT LTD-MITHI,0.0,25748173.0,0.0,8.0,0.0,671.0,0,2574817300.0,8.0,67100.0,0.0,
PREMIER SALES PVT LTD-MIRPURKHAS,69320075.0,94244686.0,12.0,12.0,1641.0,1891.0,0,35.955833861980096,0.0,15.234613040828762,0.0,
PREMIER SALES PVT LTD-MARDAN,161568677.0,218894563.0,12.0,12.0,2444.0,2704.0,0,35.480816618929175,0.0,10.638297872340425,0.0,
PREMIER SALES PVT LTD-MANSEHRA,98806687.0,128443771.0,12.0,12.0,2032.0,2258.0,0,29.995018454570793,0.0,11.122047244094487,0.0,
PREMIER SALES PVT LTD-MANDI BAHAUDI,46515589.0,65739077.0,12.0,12.0,1420.0,1582.0,0,41.326979649768596,0.0,11.408450704225352,0.0,
PREMIER SALES PVT LTD-LAYYAH,42364967.0,128297397.0,5.0,12.0,1005.0,2221.0,0,202.83842071681536,7.0,120.99502487562188,0.0,
PREMIER SALES PVT LTD-LARKANA,87942745.0,127183927.0,12.0,12.0,1933.0,2129.0,0,44.621283995626925,0.0,10.139679255043973,0.0,
WD PHARMA,13311064.0,21491543.0,12.0,12.0,475.0,753.0,0,61.45623670654727,0.0,58.526315789473685,0.0,
PREMIER SALES PVT LTD-UMERKOT,54774995.0,60413699.0,12.0,12.0,1401.0,1377.0,0,10.294303084829128,0.0,-1.7130620985010707,0.0,
PREMIER SALES PVT LTD-TIMERGARA,146754654.0,175223832.0,12.0,12.0,2409.0,2489.0,0,19.399165357985854,0.0,3.320880033208801,0.0,
PREMIER SALES PVT LTD-THATTA,26681216.0,36637142.0,12.0,12.0,1033.0,1214.0,0,37.31436378311993,0.0,17.521781219748306,0.0,
PREMIER SALES PVT LTD-SWAT,222468113.0,291609698.0,12.0,12.0,2784.0,3101.0,0,31.07932371413606,0.0,11.386494252873563,0.0,
PREMIER SALES PVT LTD-SWABI,96261546.0,136645777.0,12.0,12.0,1940.0,2162.0,0,41.952610027684365,0.0,11.443298969072165,0.0,
PREMIER SALES PVT LTD-SUKKUR,110717262.0,143853071.0,12.0,12.0,2083.0,2238.0,0,29.92831325615693,0.0,7.441190590494479,0.0,
PREMIER SALES PVT LTD-SIALKOT,138600548.0,171591113.0,12.0,12.0,2226.0,2397.0,0,23.802622338838084,0.0,7.681940700808626,0.0,
PREMIER SALES PVT LTD-SHORKOT,0.0,4516058.0,0.0,1.0,0.0,101.0,0,451605800.0,1.0,10100.0,0.0,
PREMIER SALES PVT LTD-SHEIKHUPURA,98251671.0,127102380.0,12.0,12.0,1964.0,2274.0,0,29.364089899295454,0.0,15.784114052953157,0.0,
PREMIER SALES PVT LTD-SHAKARGARH,0.0,3503860.0,0.0,1.0,0.0,104.0,0,350386000.0,1.0,10400.0,0.0,
PREMIER SALES PVT LTD-SHAHDADPUR,34828704.0,51369703.0,12.0,12.0,1109.0,1314.0,0,47.492433252756115,0.0,18.48512173128945,0.0,
PREMIER SALES PVT LTD-SARGODHA,142259887.0,184887715.0,12.0,12.0,2414.0,2747.0,0,29.964755982127272,0.0,13.79453189726595,0.0,
PREMIER SALES PVT LTD-SAHIWAL,120231815.0,149757106.0,12.0,12.0,2309.0,2533.0,0,24.556970216244345,0.0,9.701169337375488,0.0,
PREMIER SALES PVT LTD-S.I.T.E AREA,148328683.0,186714336.0,12.0,12.0,2471.0,2777.0,0,25.87877962888675,0.0,12.383650343990288,0.0,
PREMIER SALES PVT LTD-RAWALPINDI,241715602.0,298569385.0,12.0,12.0,2700.0,2960.0,0,23.520940530764744,0.0,9.62962962962963,0.0,
S&T CORPORATION,875912.0,1127690.0,3.0,8.0,3.0,27.0,0,28.74466841417859,5.0,800.0,0.0,
RUYA AL-SIHIYA COMPANY,0.0,0.0,0.0,4.0,0.0,1.0,0,0.0,4.0,100.0,0.0,
"The Children's Hospital, Lahore",0.0,247500.0,0.0,1.0,0.0,1.0,0,24750000.0,1.0,100.0,0.0,
RGS INNOVATIVE HEALTH SCIENCES,0.0,0.0,0.0,2.0,0.0,2.0,0,0.0,2.0,200.0,0.0,
REMEDIAL ENTERPRISES,3400168.0,1731045.0,12.0,12.0,351.0,180.0,0,-49.0894273459429,0.0,-48.717948717948715,0.0,
REHMAN TRADING COMPANY,14637214.0,13976783.0,12.0,12.0,377.0,344.0,0,-4.511999346323693,0.0,-8.753315649867375,0.0,
REHMAN BROTHERS,12196.0,475375.0,1.0,4.0,5.0,16.0,0,3797.7943588061657,3.0,220.00000000000003,0.0,
AL KHIDMAT PHARMACY SERVICES,4324069.0,5677148.0,11.0,12.0,134.0,172.0,0,31.29179946018438,1.0,28.35820895522388,0.0,
AIM DISTRIBUTOR FAISALABAD,0.0,0.0,5.0,12.0,20.0,35.0,0,0.0,7.0,75.0,0.0,
PREMIER SALES PVT LTD-NAROWAL,35706479.0,49222338.0,12.0,12.0,1105.0,1244.0,0,37.8526793414719,0.0,12.57918552036199,0.0,
AHMED BIN QASIM,4150390.0,3064641.0,6.0,6.0,91.0,64.0,0,-26.16016808059002,0.0,-29.67032967032967,0.0,
SAMI PHARMACEUTICAL (PVT) LTD.,0.0,0.0,4.0,12.0,0.0,0.0,0,0.0,8.0,0.0,0.0,
AHMAD SAEED MEDICINE DISTRIBUTORS,0.0,42481800.0,0.0,7.0,0.0,1034.0,0,4248180000.0,7.0,103400.0,0.0,
SURGI PLUS - HYDERABAD,0.0,8718.0,8.0,12.0,0.0,2.0,0,871800.0,4.0,200.0,0.0,
SKY HEALTHCARE LTD,782.0,770.0,2.0,8.0,7.0,30.0,0,-1.5345268542199488,6.0,328.57142857142856,0.0,
SITECH PHARMACEUTICALS (PVT.) LTD.,1466964.0,1343531.0,10.0,12.0,7.0,25.0,0,-8.414180579755195,2.0,257.14285714285717,0.0,
SIRAJUDDIN & SONS - QUETTA,0.0,0.0,0.0,1.0,0.0,1.0,0,0.0,1.0,100.0,0.0,
AHMAD ENTERPRISES,58048142.0,25702117.0,12.0,6.0,1656.0,710.0,0,-55.722756811062105,-6.0,-57.125603864734295,0.0,
TAURUS MEDICAL COMPANY,13458000.0,23320849.0,9.0,12.0,569.0,1160.0,0,73.28614207163025,3.0,103.86643233743409,0.0,
TANVEER ENTERPRISES,424715.0,685553.0,4.0,10.0,4.0,13.0,0,61.41483112204655,6.0,225.0,0.0,
TALHA TRADERS,28691316.0,30298849.0,12.0,12.0,750.0,1019.0,0,5.602855581807401,0.0,35.86666666666667,0.0,
AGLOW HEALTHCARE (PVT.) LTD.,801998.0,1288258.0,6.0,10.0,29.0,46.0,0,60.631073892952344,4.0,58.620689655172406,0.0,
Syed Abdullah Shah Institute Sehwan,0.0,0.0,0.0,3.0,0.0,0.0,0,0.0,3.0,0.0,0.0,
A.K. ENTERPRISES - MULTAN,0.0,0.0,8.0,10.0,0.0,0.0,0,0.0,2.0,0.0,0.0,
AL-FATEH MEDICINE COMPANY,93214539.0,47595157.0,12.0,6.0,2279.0,1031.0,0,-48.94020019773954,-6.0,-54.76086002632734,0.0,
ALI HAJVERY PHARMA,91923928.0,98216296.0,12.0,12.0,2195.0,2136.0,0,6.845190514487152,0.0,-2.6879271070615034,0.0,
AL-RAZZAK ENTERPRISES - KARACHI,231331.0,46678.0,11.0,12.0,5.0,1.0,0,-79.82198667709905,1.0,-80.0,0.0,
AL-ABBAS DISTRIBUTORS,27779739.0,34825014.0,12.0,12.0,833.0,775.0,0,25.36119939787771,0.0,-6.962785114045618,0.0,
ACCESS POINT INT'L TRADING INC.,0.0,0.0,5.0,7.0,0.0,0.0,0,0.0,2.0,0.0,0.0,
ZESH LIFE SCIENCE CO. LTD.,0.0,0.0,0.0,1.0,0.0,7.0,0,0.0,1.0,700.0,0.0,
A.A. TRADERS,0.0,315329.0,0.0,1.0,0.0,31.0,0,31532900.0,1.0,3100.0,0.0,
CEO DHA ATTOCK,0.0,0.0,0.0,1.0,0.0,0.0,0,0.0,1.0,0.0,0.0,
AGA KHAN HOSPITAL & MEDICAL COLLEGE,0.0,0.0,12.0,12.0,0.0,0.0,0,0.0,0.0,0.0,0.0,
BURHAN TRADERS,0.0,0.0,1.0,12.0,0.0,21.0,0,0.0,11.0,2100.0,0.0,
BIOMAX PHARMA - LAHORE,0.0,0.0,12.0,12.0,0.0,0.0,0,0.0,0.0,0.0,0.0,
ATIF DISTRIBUTOR,106862049.0,132782008.0,12.0,12.0,2394.0,2530.0,0,24.255532476267604,0.0,5.680868838763575,0.0,
"Allied Hospital, Faisalabad",0.0,302856.0,0.0,1.0,0.0,1.0,0,30285600.0,1.0,100.0,0.0,
Additional Director (MS&DC) DGHS,0.0,35797.0,1.0,3.0,0.0,2.0,0,3579700.0,2.0,200.0,0.0,
AZEEM ENTERPRISES,267101.0,796304.0,3.0,5.0,11.0,28.0,0,198.12842333050045,2.0,154.54545454545453,0.0,
AVARI TOWERS,0.0,0.0,0.0,1.0,0.0,0.0,0,0.0,1.0,0.0,0.0,
Q-MED PHARMA DIST. - RAWALPINDI,0.0,0.0,0.0,5.0,0.0,4.0,0,0.0,5.0,400.0,0.0,
ASTELA HEALTH CARE (PVT.) LTD.,0.0,0.0,10.0,8.0,2.0,7.0,0,0.0,-2.0,250.0,0.0,
PUNJAB UNIVERSITY,1967607.0,5134102.0,3.0,12.0,34.0,65.0,0,160.931273369123,9.0,91.17647058823529,0.0,
PUNJAB INSTITUTE OF CARDIOLOGY,0.0,0.0,5.0,7.0,0.0,0.0,0,0.0,2.0,0.0,0.0,
STATE PHARMACEUTICALS CORPORATION,0.0,0.0,3.0,4.0,0.0,0.0,0,0.0,1.0,0.0,0.0,
